1,receipt,X51008164997
2,receipt,X51005200938
4,receipt,X51005361897
5,receipt,X51005444045
1,receipt,X51008164997
2,receipt,X51005200938
4,receipt,X51005361897
5,receipt,X51005444045
1,receipt,X51008164997
2,receipt,X51005200938
4,receipt,X51005361897
5,receipt,X51005444045
1,receipt,X51008164997
2,receipt,X51005200938
4,receipt,X51005361897
5,receipt,X51005444045
1,receipt,X51008164997
2,receipt,X51005200938
4,receipt,X51005361897
5,receipt,X51005444045
1,receipt,X51008164997
2,receipt,X51005200938
4,receipt,X51005361897
5,receipt,X51005444045
1,receipt,X51008164997
